---
title: 数据库系统概念第三&四章——SQL笔记
date: 2020-08-11 11:06:11
tags: [database]
---

# 数据库系统概念第三&四章——SQL笔记

## 1. 数据表的定义

### 	1.1 SQL中的基本数据类型

1. `char(n)`：固定长度为`n`的字符串
2. `varchar(n)`：可变长度的字符串（最大为`n`）
3. `int`：整形
4. `smallint`：短整形
5. `numeric(p,d)`：定点数。`p`表示有效数字，`d`表示小数位数
6. `real`,`double precision`：浮点数与双精度浮点数
7. `float(n)`：精度至少为`n`的浮点数



### 	1.2 基本定义格式

```sql
create table(
	N1 T1,
	N2 T2,
	N3 T3,
	...
	N_m T_m,
    <完整性约束1>,
    <完整性约束2>,
    ...
    <完整性约束n>
);
```

​	其中`N`表示属性名，`T`表示类型，例如：

```sql
create table (
	dept_name varchar(20),
	building varchar(15),
	budget numeric(12,2),
	primary key (dept_name)
);
```



### 	1.3 完整性约束

#### 		1.3.1 primary key约束

```sql
#格式#
primary key (A1,A2,A3,...An)
```

​			声明属性`(A1...An)`必须非空且唯一。

#### 		1.3.2 foreign key约束

```sql
#格式#
foreign key (A1,A2,A3,...An) references B
```

​			声明属性`(A1...An)`是B的外键。

#### 		1.3.3 not null约束

```sql
#格式#
N1 T1 not null
```

​			声明一个属性是非空的。

#### 		1.3.4 unique约束

```sql
#格式#
unique (A1...An)
```

​			声明属性`(A1...An)`必须唯一（但可以为空`null`，**因为空值不等于其它任何值**）。

#### 		1.3.5 check子句

```sql
#格式#
check(P)
#例如 check(salary > 0)
```

​			其中P是一个谓词（条件），关系中每一个元组都必须满足谓词`P`。

```sql
create table section(
	course_id varchar(8),
    sec_id varchar(8),
    semester varchar(6),
    year numeric(4,0),
    building varchar(15),
    time_slot_id varchar(4),
    primary key (course_id,sec_id,semester,year),
    check (semester in ('Fall','Winter','Spring','Summer'))
);
```



### 	1.4 默认值

```sql
#格式#
N T deault <value>
```



### 	1.5 删除整个表

```sql
drop table table_name;
```



### 	1.6 添加/删除属性

```sql
alter table r Add A T; #在r表中增加一个属性A，它的类型为T
alter table r drop A; #删除r表中的属性A
```



### 	1.7 创建与现有的某个表模式相同的表

```sql
create table new_table like old_table;
```

​		创建一个和`old_table`拥有相同属性、完整性约束的表`new_table`





## 2. 数据表的插入、删除和更新

### 2.1 数据表的插入

#### 	2.1.1 插入单条记录

```sql
insert into table_name (attr1,attr2,attr3,...,attrn)
	values (v1,v2,v3,...,vn);
```

```sql
insert into course (title,course_id,credits,dept_name)
	values ('Database System','CS-437',4,'Comp. Sci.');
```

#### 	2.1.2 插入多条记录

```sql
insert into table_name
	select *
	from another_table_name;
```

例如，我们想要让`Music`系每个修满`144`学分的学生成为`Music`系的教师，其工资为`18000`美元，可以这么写：

```sql
insert into instructor
	select ID,name,dept_name,18000
	from student
	where dept_name='Music' and tot_cred > 144;
```



### 2.2 数据表的删除

​	用如下语句表示删除：

```sql
delete from table_name
where P;
```



### 2.3 数据表的更新

​	用如下语句表示更新：

```sql
update table_name
set ...
where P;
```

​	比如给低于`70000`美元的教师涨工资，可以这样写：

```sql
update instructor
set salary = salary * 1.05
where salary < 70000;
```

#### 	2.3.1 case结构

​	我们可以使用SQL中的`case`来实现选择结构：

```sql
case
	when p1 then result1
	when p2 then result2
	when p3 then result3
	else result0
end
```

```sql
update instructor
set salary = case
	when salary <=100000 then salary * 1.05
	else salary * 1.03
end
```





## 3. 数据表的查询

### 3.1 基本结构

```sql
select attr1,attr2,...,attrn
from r1,r2,r3,...rn
where P;
```



### 3.2 更名运算

​	用新名字去替代旧名字，在自我连接的查询中非常有用。

​	如果我们需要比较同一个关系中的元组情况，我们需要把一个关系和它自身做笛卡儿积运算。比如说我们要写出查询：“找到满足下面条件的所有教师的姓名，他们的工资至少比`Biology`系某一个教师的工资要高”。

```sql
select distinct T.name
from instructor as T, instructor as S
where T.salary > S.salary and S.dept_name = 'Biology';
```

​	`T`和`S`是`instructor`的两个别名。



### 3.3 字符串运算

#### 	3.3.1 SQL中字符串的表示

​	SQL中用一对单引号来表示字符串，如'Computer'，如果字符串中要表示单引号，则用两个单引号来表示。

​	同时反斜杠`\`也可以用于表示转义字符（要加`escape`关键字）。

#### 	3.3.2 字符串函数

- `uppper(s)`：小写转成大写
- `lower(s)`：大写转成小写
- `trim(s)`：去掉末尾空格

#### 	3.3.3 模式匹配

- `%`：匹配任意子串

- `_`：匹配任意一个字符

  比如要找到所有带有'Watson'的系名（`dept_name`）：

  ```sql
  select dept_name
  from department
  where building like '%Watson%';
  ```

  模式匹配要用`like`关键字。

  SQL99提供了`similar to`操作，允许更强大的模式匹配，类似于正则表达式。



### 3.4 排序

​	使用order by关键字，同时可以定义升序`asc`和降序规则`desc`关键字：

​	求物理系所有老师的名字，并按姓名降序排列：

```sql
select name
from instructor
where dept_name='Physics'
order by name desc;
```

​	按照薪水降序排列，如果薪水相等，则按名字升序排列

```sql
select *
from instructor
order by salary desc, name asc;
```



### 3.5 集合运算

#### 	3.5.1 并运算（union）

​	假设有2009年秋季学期开设的所有课程的集合：

```sql
select course_id
from section
where semester = 'Fall' and year = 2009;
```

​	假设有2010年春季学期开设的所有课程的集合：

```sql
select course_id
from section
where semester = 'Spring' and year = 2010;
```

​	那么找出在09年秋季开课或者在10年春季开课的所有课程，可以有语句：

```sql
(
select course_id
from section
where semester = 'Fall' and year = 2009;
)
union
(
select course_id
from section
where semester = 'Spring' and year = 2010;
)
```

​	`union`运算会自动去重，如果你想要保留重复，那么用`union all`代替`union`。



#### 	3.5.2 交运算（intersect）

​		和并运算类似，略。保留重复也可以使用`intersect all`关键字。

#### 	3.5.3 差运算（except）

​		和并运算类似，略。保留重复也可以使用`except all`关键字。

#### 	3.5.4 空关系测试

​		用到了`exists`关键字，`exists(R)`如果R为空，返回`false`；否则，返回`true`。

#### 	3.5.5 唯一性测试

​		用到了`unique`关键字，`unique(R)`如果R中不存在重复元素，返回`true`；否则，返回`false`。

#### 	3.5.6 集合比较关键字

​		集合比较关键字有：`some`、`any`、`in`、`all`（`some`和`any`是一样的）
​		比如我们要表达“至少比`R`中一个大”，那就可以用`>some(R)`来表示。

![](E:\blog\Myblog\source\_posts\数据库第三&四章笔记\2.png)

​		如果我们要表达"比`R`中所有的都小"，那就可以用`<all(R)`来表示。

![](E:\blog\Myblog\source\_posts\数据库第三&四章笔记\3.png)

​		`in`表示测试某个元素是否在集合中。易知，`=some(R)`与`in`是等价的。

​		比如说我们要找出平均工资最高的系，可以有以下查询：

```sql
select dept_name
from instructor
group by dept_name
having avg(salary) >= all(
	select avg(salary)
	from instructor
	group by dept_name
);
```



### 3.6 with子句

​	with为我们提供了一种保存临时结果的机制，比如：

```sql
with max_budget (value) as
	(
		select max (budget)
		from department
	)
select budget
from department,max_budget
where department.budget = max_budget.value;
```

​	在上述查询中，我们首先先求出`department`中的`budget`的最大值，然后将其保存在一个名为`max_budget(value)`的表中，其中有一个属性`value`。然后我们在`select`中选出所有等于`max_budget.value`的元组。

​	在MYSQL中，有与之类似的`temporary table`机制。



#### 	3.6 create table as语句（补充）

​	我们可以使用`create table as`来创建一个临时表去保存我们的中间结果：

```sql
create table t1 as
(
	select *
	from instructor
	where dept_name = 'Music'
)
with data; /* with data 表示保存数据；如果不写with data，则仅仅创建一个和t1模式相同的新表t1 */
```

​	注：`create table as`是SQL 2003的标准



### 3.7 标量子查询

​	标量：只有单个值的表达式。**它可以出现在任何地方。**

​	如果返回的值有多个，则会报错。

```sql
select dept_name,(select count(*) from instructor)
from department;
```



## 4. 数据表的连接

### 	4.1 自然连接

​		这是一种最常见的连接方式，写作：`A natural join B`。它在`Mysql`中是支持的，而在微软的`Mssql`中不支持这种写法。

​		自然连接会将`A`和`B`中所有名字相同的属性进行等值连接。

​		比如有表`A(a,b,c)` 和 `B(b,c,d)`，自然连接会提取出`A`、`B`的公共属性`b`和`c`，对它们进行等值连接，即`A.b=B.b and A.c=B.c`。



### 	4.2 join...using子句

​		它是等值连接的一种拓展形式，`natural join`会自动提取两张表中**所有**名字相同的属性进行连接，而`join...using`可以让我们自己指定进行等值连接的属性。

```mysql
select name,title
from (instructor natural join teaches) join course using (course_id);
```

​		如上例，我们指定`course_id`作为两个关系等值连接的唯一属性。



### 	4.3 join...on子句

​		`on`后面可以跟任何SQL谓词，所以它的适用范围最广，实际上它可以被`where`替代（但是外连接的情况是一个例外），有了`on`会使得我们的代码更容易被看懂。

​		比如以下两条查询是等价的：

```mysql
select * from student join takes on student.ID = takes.ID;
select * from student join takes where student.ID = takes.ID; 
```

​		这里的`join`可以被替换为`left outer join`、`right outer join`和`full outer join`。（`inner join`和`join`是等价的）

```sql
select *
from student left outer join takes on true
where student.ID=takes.ID;
```

​		左外连接、右外连接这里不再阐述。



## 5. 视图

### 5.1 什么是视图？

​	视图可以理解为一个查询代码段，它的用法几乎和`select`一模一样，但是`select`得出的结果是实实在在存在的，而视图`view`是并不实际被计算，它只有被引用的，才会把它计算出来。

### 5.2 视图的定义

```sql
create view view_name as <query expression>;
```

​	`<query_expression>`可以是任何合法查询表达式，如：

```sql
create view faculty as
select ID,name,dept_name
from instructor;
```

​	当`view`被创建后，它并不会执行查询，而是当它被引用时，才会重新计算。

```sql
select name
from faculty /*faculty是上面定义的视图*/
where dept_name = 'Biology';
```

### 5.3 视图的修改

​		**一般来说，视图是不允许进行修改的！**因为会出现各种各样的问题，比如说有以下语句：

```sql
insert into faculty
	values ('30765','Green','Music');
```

​		`faculty`是一个视图，但是它实际操作的表是`instructor`，`instructor`中包含了4个属性，而`insert`只指定了3个。

​		当然，满足某些特殊条件下，视图是允许被修改的，具体请参考每个SQL产品的官方文档。



### 5.4 物化视图（视图维护）

​		如果定义视图的实际关系改变，视图也跟着修改。



## 6. 事物

- BEGIN 或 START TRANSACTION 显式地开启一个事务；

- COMMIT 也可以使用 COMMIT WORK，不过二者是等价的。COMMIT 会提交事务，并使已对数据库进行的所有修改成为永久性的；

- ROLLBACK 也可以使用 ROLLBACK WORK，不过二者是等价的。回滚会结束用户的事务，并撤销正在进行的所有未提交的修改；

- SAVEPOINT identifier，SAVEPOINT 允许在事务中创建一个保存点，一个事务中可以有多个 SAVEPOINT；

- RELEASE SAVEPOINT identifier 删除一个事务的保存点，当没有指定的保存点时，执行该语句会抛出一个异常；

- ROLLBACK TO identifier 把事务回滚到标记点；

- SET TRANSACTION 用来设置事务的隔离级别。InnoDB 存储引擎提供事务的隔离级别有READ UNCOMMITTED、READ COMMITTED、REPEATABLE READ 和 SERIALIZABLE。

  实例：

```sql
mysql> use RUNOOB;
Database changed

mysql> CREATE TABLE runoob_transaction_test( id int(5)) engine=innodb;  # 创建数据表
Query OK, 0 rows affected (0.04 sec)
 
mysql> select * from runoob_transaction_test;
Empty set (0.01 sec)
 
mysql> begin;  # 开始事务
Query OK, 0 rows affected (0.00 sec)
 
mysql> insert into runoob_transaction_test value(5);
Query OK, 1 rows affected (0.01 sec)
 
mysql> insert into runoob_transaction_test value(6);
Query OK, 1 rows affected (0.00 sec)
 
mysql> commit; # 提交事务
Query OK, 0 rows affected (0.01 sec)
 
mysql>  select * from runoob_transaction_test;
+------+
| id   |
+------+
| 5    |
| 6    |
+------+
2 rows in set (0.01 sec)
 
mysql> begin;    # 开始事务
Query OK, 0 rows affected (0.00 sec)
 
mysql>  insert into runoob_transaction_test values(7);
Query OK, 1 rows affected (0.00 sec)
 
mysql> rollback;   # 回滚
Query OK, 0 rows affected (0.00 sec)
 
mysql>   select * from runoob_transaction_test;   # 因为回滚所以数据没有插入
+------+
| id   |
+------+
| 5    |
| 6    |
+------+
2 rows in set (0.01 sec)
 
mysql>
```





## 7. 索引

​	索引的原理会在第11章详细阐述，这里只讲怎么去使用索引：

### 	7.1 创建索引

```mysql
create index index_name on r(attr);
```

​		在`r`表上的`attr`属性上创建一个名为`index_name`的索引。

### 	7.2 删除索引

```mysql
drop index index_name on r;
```

​		在`r`表上删除名为`index_name`的索引。



## 8. 权限管理

### 	8.1 权限的分类

1. 读取（select）

2. 插入（insert）

3. 更新（update）

4. 删除（delete）

   当用户提交查询或进行更新时，SQL会检查用户是否有操作权限，如果没有则会被拒绝执行。



### 	8.2 权限的授予

​	权限的授予用到了`grant`语句，它的语法如下：

```sql
grant <权限列表>
on <关系名或视图名>
to <用户/角色列表>;
```

​	比如：

```mysql
grant select
on department
to Amit,Satoshi;
```

​	将`department`表的`select`权限授予Amit和Satoshi两人。

​	再比如：

```mysql
grant update(budget)
on department
to Amit,Satoshi;
```

​	将`department`表上`budget`属性的修改权限授予Amit和Satoshi两人，如果`update`后面不跟括号也不跟属性，则开放所有`department`上属性的修改权限。



### 	8.3 权限的回收

​	我们可以使用`revoke`语句来回收权限。